,resid,consOR5A2,hOR5A2
0,18,49.10697392967884,62.349619178043504
1,30,151.2195699254042,149.93730429390155
2,35,25.48817013482837,69.56711895860134
3,51,46.11833937699833,42.226383465445764
4,58,126.3480307007696,131.88631914888552
5,135,138.1994522616754,168.1144464297961
6,147,152.56255609264252,145.9848804398749
7,158,155.52785601348342,136.89754750503346
8,173,127.05954058822854,124.41772810364789
9,197,82.64136976141779,83.87861565647714
10,204,,48.51903388581081
11,215,67.7262949596399,35.06873432591658
12,227,53.67507526304871,52.921631092105436
13,233,100.94813523423996,97.9413027757334
14,257,137.24020228204736,118.93577935749609
15,285,117.66767965652556,79.13722415331294
16,293,67.8991338522826,80.18145317121477
17,306,41.89566427079401,41.787302238712016
18,312,10.668819165147271,42.907058979792275
19,319,68.01635480044793,20.232852085095136
