,resid,consOR5A2,hOR5A2
0,18,2.8146757897051877,1.0254152299916335
1,30,-2.2436513645095104,-2.2411074152974635
2,35,2.269986695009223,0.7646011263195547
3,51,3.586508098100584,1.8314209054994492
4,58,-1.5830802976379488,-1.7643530307517423
5,135,-1.1563878782003343,-2.4956255333430093
6,147,-1.36976749451469,-2.1319725732843757
7,158,-2.387331188677047,-4.071555853357072
8,173,-1.6591700936327989,-3.3967972684770977
9,197,0.009400872632735258,-0.0463025043124361
10,204,0.0,0.9496828380285773
11,215,0.8482948850424563,2.0422991210638877
12,227,1.4810448014071653,1.4717957958731205
13,233,-0.5584340943966097,-0.4237647570905594
14,257,-2.021687094883047,-3.253846905477861
15,285,-1.30695762352725,0.326128246281975
16,293,0.8897488791455679,0.4634755244734734
17,306,1.8514143974439605,1.8735034086519207
18,312,2.5259631680408745,1.842492547617688
19,319,1.721802118949391,2.397631008749734
