,resid,hOR5A2_angle_toconsOR5A2,hOR5A2_distance_toconsOR5A2
0,18,13.242645248364667,1.7892605597135542
1,30,1.2822656315026393,0.0025439492120469254
2,35,44.078948823772976,1.5053855686896682
3,51,3.8919559115525644,1.7550871926011347
4,58,5.538288448115921,0.18127273311379355
5,135,29.9149941681207,1.339237655142675
6,147,6.577675652767624,0.7622050787696857
7,158,18.630308508449957,1.6842246646800252
8,173,2.6418124845806545,1.7376271748442988
9,197,1.2372458950593455,0.05570337694517136
10,204,,0.9496828380285773
11,215,32.65756063372332,1.1940042360214314
12,227,0.7534441709432755,0.00924900553404484
13,233,3.006832458506551,0.13466933730605035
14,257,18.304422924551275,1.2321598105948137
15,285,38.53045550321262,1.633085869809225
16,293,12.282319318932167,0.4262733546720945
17,306,0.1083620320819918,0.02208901120796014
18,312,32.238239814645006,0.6834706204231864
19,319,47.783502715352796,0.6758288898003428
